iteration,test_acc,test_acc_per_agent,actions
0,0.1960809917355372,"[0.48140495867768596, 0.499, 0.0, 0.0, 0.0]",[[2 2 1 1 0 1 0 2 2 2 2 0 1 0 1 0 0 1 0 1]]
1,0.20057355371900826,"[0.49586776859504134, 0.507, 0.0, 0.0, 0.0]",[[0 2 2 1 0 2 2 1 0 2 0 0 1 2 0 1 2 2 2 1]]
2,0.20057355371900826,"[0.49586776859504134, 0.507, 0.0, 0.0, 0.0]",[[0 2 2 1 0 2 2 1 0 2 0 0 1 2 0 1 2 2 2 1]]
