iteration,test_acc
0,0.2942178553657904
1,0.29720024388363664
2,0.29720024388363664
