iteration,test_acc,test_acc_per_agent,actions
0,2.8534741047224996e-05,"[0.0, 0.00014267370523612499, 0.0, 0.0, 0.0]","[[[0.00461669 0.00341298 0.00210127 0.00391896]
  [0.0016157  0.         0.00264565 0.00455881]
  [0.         0.00245512 0.         0.00110783]
  [0.         0.         0.         0.        ]
  [0.         0.00428644 0.         0.00085761]]]"
1,0.076428891766169,"[0.023890784982935155, 0.35825367384790985, 0.0, 0.0, 0.0]","[[[0.11157472 0.         0.09779351 0.11706598]
  [0.         0.         0.         0.0696501 ]
  [0.         0.05162888 0.         0.1285435 ]
  [0.         0.10769457 0.08915929 0.        ]
  [0.         0.13063221 0.0210373  0.0257549 ]]]"
