iteration,test_acc,test_acc_per_agent,actions
0,0.2997464451156695,"[0.0, 0.0, 0.4880546075085324, 0.5014373716632443, 0.5092402464065708]",[[2 0 0 0 1 1 1 0 0 2 2 0 1 1 1 1 0 0 1 0]]
1,0.2997464451156695,"[0.0, 0.0, 0.4880546075085324, 0.5014373716632443, 0.5092402464065708]",[[1 2 0 1 0 0 2 1 2 2 2 1 0 2 1 0 2 0 2 2]]
