iteration,test_acc,actions
0,0.002489575376162477,"[[[0.00595633 0.         0.         0.        ]
  [0.         0.00439572 0.00495775 0.0061549 ]
  [0.00577383 0.00617595 0.         0.        ]
  [0.00487426 0.         0.00313959 0.        ]
  [0.         0.00300711 0.00629006 0.00522305]]]"
1,0.06250317118809176,"[[[0.         0.09283078 0.11552238 0.10803074]
  [0.00680694 0.10063045 0.09886315 0.08233903]
  [0.00514648 0.09216371 0.03018989 0.        ]
  [0.11987145 0.02583855 0.         0.        ]
  [0.03610935 0.10823689 0.05108231 0.        ]]]"
